

CREATE SCHEMA Bank;
USE Bank;

-- ----------------------------------------------------------------------------------------------
-- The departments table stores the information of the units in a bank.
CREATE TABLE DEPARTMENTS (DEPARTMENTID INT NOT NULL, DEPARTMENTNAME varchar(30) NOT NULL, BUDGET INT,
NUMOFEMP INT, DEPTMANAGER INT,
 PRIMARY KEY (DEPARTMENTID));

-- 
-- ----------------------------------------------------------------------------------------------
-- The employees table stores information about the people working in the various departments of a bank.
CREATE TABLE EMPLOYEES (EMPLOYEEID INT NOT NULL, NAMESURNAME varchar(20) NOT NULL, TLPHONENO varchar(11),
 EMAIL varchar(50), TITLEID INT,BRANCHID INT NOT NULL, DEPARTMENTID INT NOT NULL,
 PRIMARY KEY (EMPLOYEEID),
 -- FOREIGN KEY (TITLEID) REFERENCES TITLES(TITLEID),
 -- FOREIGN KEY(BRANCHID) REFERENCES BRANCHES(BRANCHID),
 FOREIGN KEY (DEPARTMENTID) REFERENCES DEPARTMENTS(DEPARTMENTID));
 
 -- ----------------------------------------------------------------------------------------------
 -- Branches keep the information of the bank branches served by the banks.
 CREATE TABLE BRANCHES (BRANCHID INT NOT NULL, BRANCHNAME varchar(30),LOCATION varchar(20),NMOFEMP INT,
 PRIMARY KEY (BRANCHID));
 -- ----------------------------------------------------------------------------------------------
 -- Titles are the titles that employees working in the bank take in order to work in a certain hierarchy.
 CREATE TABLE TITLES (TITLEID INT NOT NULL, TITLENAME varchar(20),
 PRIMARY KEY (TITLEID));
 
  -- ----------------------------------------------------------------------------------------------
  -- The loans table keeps the information about the used loans in a bank.
  CREATE TABLE LOANS (LOANID INT NOT NULL,LOANNAME VARCHAR(30),LOANBUDGET INT,INTERESTRATE INT,MTRPERIOD INT,
  PRIMARY KEY (LOANID));
  ALTER TABLE LOANS MODIFY COLUMN INTERESTRATE DOUBLE;
  -- I realized I had to double the interest rates on the loans
  -- ----------------------------------------------------------------------------------------------
  -- The customers table keeps information about the people who use any product of the bank.
  CREATE TABLE CUSTOMERS (CUSTOMERID INT NOT NULL,CSTNAMESURNAME varchar(30),GENDER varchar(15),SSN VARCHAR(11),
  ADDRES VARCHAR(30),PRIMARY KEY (CUSTOMERID));
  ALTER TABLE CUSTOMERS ADD UNIQUE (SSN);
  -- I realized later that the SSN has to be unique.
  -- ----------------------------------------------------------------------------------------------
  -- The credit cards table keeps information about credit cards actively issued to customers in a bank.
  CREATE TABLE CREDITCARDS (CREDITCARDID INT NOT NULL,CREDITCARDTYPE varchar(30),CARTINTERESTRATE INT,
  PRIMARY KEY (CREDITCARDID));
  ALTER TABLE CREDITCARDS ADD LIM INT; -- I decided to set a limit for credit cards.
  ALTER TABLE CREDITCARDS MODIFY COLUMN CARTINTERESTRATE DOUBLE; 
  -- I realized I had to double the interest rates on the cards
   -- ----------------------------------------------------------------------------------------------
   -- The accounts table keeps information about the accounts opened by the customers.
   -- Accounts are divided into two as time and demand accounts.
   CREATE TABLE ACCOUNTS (ACCOUNTID INT NOT NULL,ACCOUNTNAME varchar(30),ACCINTERESTRATE INT,ACCMATURITYRATE INT,
   BRANCHID INT NOT NULL, BUDGET INT,
   PRIMARY KEY (ACCOUNTID),
   FOREIGN KEY (BRANCHID) REFERENCES BRANCHES (BRANCHID));
   ALTER TABLE ACCOUNTS MODIFY COLUMN ACCINTERESTRATE DOUBLE;
   ALTER TABLE ACCOUNTS ALTER ACCINTERESTRATE SET DEFAULT 0;
   ALTER TABLE ACCOUNTS ALTER ACCMATURITYRATE SET DEFAULT 0;
   
    -- ----------------------------------------------------------------------------------------------
    -- A bank has automatic payment instructions created by customers.
    -- Auto Payment Instructions table keeps information about these automatic payment orders.
    CREATE TABLE AUTOPYMNTINSTS (INSTRUCTIONID INT NOT NULL,INSTRUCTIONNAME varchar(30),INSTRUCTIONTYPE varchar(30),
    INVOICEAMOUNT INT,PAYMENTDUEDATE date NOT NULL,PRIMARY KEY (INSTRUCTIONID)); 
    -- ----------------------------------------------------------------------------------------------
    -- The pos machines table keeps the information of the pos devices given to the customers
    -- by the branches of the bank for the customers to use.
    CREATE TABLE POSMACHINES (MACHINEID INT NOT NULL,BRAND varchar(30),COMMISIONRATE INT,BRANCHID INT,
    PRIMARY KEY (MACHINEID),
    FOREIGN KEY (BRANCHID) REFERENCES BRANCHES (BRANCHID));
    ALTER TABLE POSMACHINES MODIFY COLUMN COMMISIONRATE DOUBLE;
    -- ----------------------------------------------------------------------------------------------
    -- This table shows us which Loans the customers have.
    CREATE TABLE CUS_LOAN (CUSTOMERID INT,LOANID INT, 
    FOREIGN KEY (CUSTOMERID) REFERENCES CUSTOMERS (CUSTOMERID),
    FOREIGN KEY (LOANID) REFERENCES LOANS (LOANID));
    ALTER TABLE CUS_LOAN ADD UNIQUE (LOANID);
    -- ----------------------------------------------------------------------------------------------
    -- This table shows us which Credit cards the customers have.
    CREATE TABLE CUS_CR (CUSTOMERID INT,CREDITCARDID INT,
    FOREIGN KEY (CUSTOMERID) REFERENCES CUSTOMERS (CUSTOMERID),
    FOREIGN KEY (CREDITCARDID) REFERENCES CREDITCARDS (CREDITCARDID),UNIQUE (CREDITCARDID));
    -- ----------------------------------------------------------------------------------------------
    -- This table shows us which Accounts the customers have.
    CREATE TABLE CUS_ACC (CUSTOMERID INT,ACCOUNTID INT,
    FOREIGN KEY (CUSTOMERID) REFERENCES CUSTOMERS (CUSTOMERID),
    FOREIGN KEY (ACCOUNTID) REFERENCES ACCOUNTS (ACCOUNTID),UNIQUE (ACCOUNTID));
    -- ----------------------------------------------------------------------------------------------
    -- This table shows us which Pos Machines the customers have.
     CREATE TABLE CUS_POS (CUSTOMERID INT,MACHINEID INT,
     FOREIGN KEY (CUSTOMERID) REFERENCES CUSTOMERS (CUSTOMERID),
     FOREIGN KEY (MACHINEID) REFERENCES POSMACHINES (MACHINEID),UNIQUE (MACHINEID));
      -- ----------------------------------------------------------------------------------------------
     -- This table shows us which Auto Payment Instructions the customers have. 
      CREATE TABLE CUS_API (CUSTOMERID INT,INSTRUCTIONID INT,
      FOREIGN KEY (CUSTOMERID) REFERENCES CUSTOMERS (CUSTOMERID),
      FOREIGN KEY (INSTRUCTIONID) REFERENCES AUTOPYMNTINSTS (INSTRUCTIONID),UNIQUE (INSTRUCTIONID));
      -- ----------------------------------------------------------------------------------------------
	  -- This table shows us which automatic payment instruction is used from which account of the customer.
      CREATE TABLE ACC_API (ACCOUNTID INT,INSTRUCTIONID INT,
      FOREIGN KEY (ACCOUNTID) REFERENCES ACCOUNTS (ACCOUNTID),
      FOREIGN KEY (INSTRUCTIONID) REFERENCES  AUTOPYMNTINSTS (INSTRUCTIONID), UNIQUE (INSTRUCTIONID));
      -- ----------------------------------------------------------------------------------------------
ALTER TABLE DEPARTMENTS ADD FOREIGN KEY (DEPTMANAGER) REFERENCES EMPLOYEES(EMPLOYEEID);
ALTER TABLE EMPLOYEES ADD FOREIGN KEY (TITLEID) REFERENCES TITLES(TITLEID);
ALTER TABLE EMPLOYEES ADD FOREIGN KEY (BRANCHID) REFERENCES BRANCHES(BRANCHID);





INSERT INTO TITLES (TITLEID,TITLENAME) VALUES (1,'MANAGER');
INSERT INTO TITLES (TITLEID,TITLENAME) VALUES (2,'ASSISTAN DIRECTOR');
INSERT INTO TITLES (TITLEID,TITLENAME) VALUES (3,'CLERK');
INSERT INTO TITLES (TITLEID,TITLENAME) VALUES (4,'INSPECTOR');
INSERT INTO TITLES (TITLEID,TITLENAME) VALUES (5,'INTERN');
INSERT INTO TITLES (TITLEID,TITLENAME) VALUES (6,'OFFICER');
INSERT INTO TITLES (TITLEID,TITLENAME) VALUES (7,'Account Executive');

-- ----------------------------------------------------------------------------------------------
INSERT INTO BRANCHES (BRANCHID,BRANCHNAME,LOCATION,NMOFEMP) VALUES (3510,'KONAK','IZMIR',4);
INSERT INTO BRANCHES (BRANCHID,BRANCHNAME,LOCATION,NMOFEMP) VALUES (3511,'ALSANCAK','IZMIR',3);
INSERT INTO BRANCHES (BRANCHID,BRANCHNAME,LOCATION,NMOFEMP) VALUES (3512,'F.ALTAY','IZMIR',5);
INSERT INTO BRANCHES (BRANCHID,BRANCHNAME,LOCATION,NMOFEMP) VALUES (3513,'KARŞIYAKA','IZMIR',4);
INSERT INTO BRANCHES (BRANCHID,BRANCHNAME,LOCATION,NMOFEMP) VALUES (3514,'ÇİĞLİ','IZMIR',2);
INSERT INTO BRANCHES (BRANCHID,BRANCHNAME,LOCATION,NMOFEMP) VALUES (3410,'KADIKÖY','ISTANBUL',2);
INSERT INTO BRANCHES (BRANCHID,BRANCHNAME,LOCATION,NMOFEMP) VALUES (0610,'ULUS','ANKARA',2);

-- ----------------------------------------------------------------------------------------------
INSERT INTO DEPARTMENTS (DEPARTMENTID,DEPARTMENTNAME,BUDGET,NUMOFEMP) VALUES (10,'IT',100000,2);
INSERT INTO DEPARTMENTS (DEPARTMENTID,DEPARTMENTNAME,BUDGET,NUMOFEMP) VALUES (11,'Human Resources',50000,2);
INSERT INTO DEPARTMENTS (DEPARTMENTID,DEPARTMENTNAME,BUDGET,NUMOFEMP) VALUES (12,'Marketing',100000,7);
INSERT INTO DEPARTMENTS (DEPARTMENTID,DEPARTMENTNAME,BUDGET,NUMOFEMP) VALUES (13,'Accounting',20000,5);
INSERT INTO DEPARTMENTS (DEPARTMENTID,DEPARTMENTNAME,BUDGET,NUMOFEMP) VALUES (14,'Foreign Trade',20000,3);
INSERT INTO DEPARTMENTS (DEPARTMENTID,DEPARTMENTNAME,BUDGET,NUMOFEMP) VALUES (15,'Operations',50000,3);
-- ----------------------------------------------------------------------------------------------
INSERT INTO EMPLOYEES (EMPLOYEEID,NAMESURNAME,TLPHONENO,EMAIL,TITLEID,BRANCHID,DEPARTMENTID)
VALUES (101,'Gizer Doğan','04444444444','gggg@hotmail.com',1,3512,10);
INSERT INTO EMPLOYEES (EMPLOYEEID,NAMESURNAME,TLPHONENO,EMAIL,TITLEID,BRANCHID,DEPARTMENTID)
VALUES (102,'Mert Tapik','05555555555','mmmm@hotmail.com',2,3513,10);
INSERT INTO EMPLOYEES (EMPLOYEEID,NAMESURNAME,TLPHONENO,EMAIL,TITLEID,BRANCHID,DEPARTMENTID)
VALUES (103,'Yusuf Kaan Taze','06666666666','kkkk@hotmail.com',6,3512,12);
INSERT INTO EMPLOYEES (EMPLOYEEID,NAMESURNAME,TLPHONENO,EMAIL,TITLEID,BRANCHID,DEPARTMENTID)
VALUES (104,'Buğra Sevinç','07777777777','bbbb@hotmail.com',6,3510,15);
INSERT INTO EMPLOYEES (EMPLOYEEID,NAMESURNAME,TLPHONENO,EMAIL,TITLEID,BRANCHID,DEPARTMENTID)
VALUES (105,'Arda Tuna','08888888888','aaaa@hotmail.com',3,3510,12);
INSERT INTO EMPLOYEES (EMPLOYEEID,NAMESURNAME,TLPHONENO,EMAIL,TITLEID,BRANCHID,DEPARTMENTID)
VALUES (106,'Aslı Özberk','09999999999','zzzz@hotmail.com',1,3512,11);
INSERT INTO EMPLOYEES (EMPLOYEEID,NAMESURNAME,TLPHONENO,EMAIL,TITLEID,BRANCHID,DEPARTMENTID)
VALUES (107,'Berkay Ayva','01111111111','yyyy@hotmail.com',6,3514,14);
INSERT INTO EMPLOYEES (EMPLOYEEID,NAMESURNAME,TLPHONENO,EMAIL,TITLEID,BRANCHID,DEPARTMENTID)
VALUES (108,'Beste Yeltin','02222222222','ssss@hotmail.com',4,3514,12);
INSERT INTO EMPLOYEES (EMPLOYEEID,NAMESURNAME,TLPHONENO,EMAIL,TITLEID,BRANCHID,DEPARTMENTID)
VALUES (109,'Özün Yalçın','03333333333','öööö@hotmail.com',3,3513,15);
INSERT INTO EMPLOYEES (EMPLOYEEID,NAMESURNAME,TLPHONENO,EMAIL,TITLEID,BRANCHID,DEPARTMENTID)
VALUES (110,'Berkay Oztorun','03332222222','oooo@hotmail.com',4,3410,12);
INSERT INTO EMPLOYEES (EMPLOYEEID,NAMESURNAME,TLPHONENO,EMAIL,TITLEID,BRANCHID,DEPARTMENTID)
VALUES (111,'Ege Akay','03334442222','eeee@hotmail.com',3,3511,12);
INSERT INTO EMPLOYEES (EMPLOYEEID,NAMESURNAME,TLPHONENO,EMAIL,TITLEID,BRANCHID,DEPARTMENTID)
VALUES (112,'Baran Eker','03334444422','rrrr@hotmail.com',6,3410,15);
INSERT INTO EMPLOYEES (EMPLOYEEID,NAMESURNAME,TLPHONENO,EMAIL,TITLEID,BRANCHID,DEPARTMENTID)
VALUES (113,'Anıl Aygarer','05554444422','dddd@hotmail.com',2,0610,12);
INSERT INTO EMPLOYEES (EMPLOYEEID,NAMESURNAME,TLPHONENO,EMAIL,TITLEID,BRANCHID,DEPARTMENTID)
VALUES (114,'Berkay Şahin','05554445522','şşşş@hotmail.com',4,0610,13);
INSERT INTO EMPLOYEES (EMPLOYEEID,NAMESURNAME,TLPHONENO,EMAIL,TITLEID,BRANCHID,DEPARTMENTID)
VALUES (115,'Damla Azak','02214445522','mmmm@hotmail.com',5,3510,14);
INSERT INTO EMPLOYEES (EMPLOYEEID,NAMESURNAME,TLPHONENO,EMAIL,TITLEID,BRANCHID,DEPARTMENTID)
VALUES (116,'Helin Gençoğlu','02544445522','hhhh@hotmail.com',6,3511,14);
INSERT INTO EMPLOYEES (EMPLOYEEID,NAMESURNAME,TLPHONENO,EMAIL,TITLEID,BRANCHID,DEPARTMENTID)
VALUES (117,'Esra Emek','02544645522','jjjj@hotmail.com',3,3513,12);
INSERT INTO EMPLOYEES (EMPLOYEEID,NAMESURNAME,TLPHONENO,EMAIL,TITLEID,BRANCHID,DEPARTMENTID)
VALUES (118,'Yağız Ecer','02222112222','cccc@hotmail.com',4,3510,13);
INSERT INTO EMPLOYEES (EMPLOYEEID,NAMESURNAME,TLPHONENO,EMAIL,TITLEID,BRANCHID,DEPARTMENTID)
VALUES (119,'Alper Bozddoğan','02222114222','llll@hotmail.com',3,3511,11);
INSERT INTO EMPLOYEES (EMPLOYEEID,NAMESURNAME,TLPHONENO,EMAIL,TITLEID,BRANCHID,DEPARTMENTID)
VALUES (120,'Cem Aksu','06222114222','uuuu@hotmail.com',4,3513,13);
INSERT INTO EMPLOYEES (EMPLOYEEID,NAMESURNAME,TLPHONENO,EMAIL,TITLEID,BRANCHID,DEPARTMENTID)
VALUES (121,'Tuncay Bayburt','06222814222','tttt@hotmail.com',2,3512,13);
INSERT INTO EMPLOYEES (EMPLOYEEID,NAMESURNAME,TLPHONENO,EMAIL,TITLEID,BRANCHID,DEPARTMENTID)
VALUES (122,'Dilara Ekşi','06222814282','şşşş@hotmail.com',6,3512,13);

-- ----------------------------------------------------------------------------------------------


-- ----------------------------------------------------------------------------------------------
-- MATURITY PERIOD IS MONTHLY
INSERT INTO LOANS (LOANID,LOANNAME,LOANBUDGET,INTERESTRATE,MTRPERIOD)
 VALUES (9901,'Personel Finance Credit',10000,1.80,36);
 INSERT INTO LOANS (LOANID,LOANNAME,LOANBUDGET,INTERESTRATE,MTRPERIOD)
 VALUES (9902,'Housing Credit',100000,1.54,120);
 INSERT INTO LOANS (LOANID,LOANNAME,LOANBUDGET,INTERESTRATE,MTRPERIOD)
 VALUES (9903,'Personel Finance Credit',50000,1.80,24);
 INSERT INTO LOANS (LOANID,LOANNAME,LOANBUDGET,INTERESTRATE,MTRPERIOD)
 VALUES (9904,'Vehicle Loan',80000,1.60,48);
 INSERT INTO LOANS (LOANID,LOANNAME,LOANBUDGET,INTERESTRATE,MTRPERIOD)
 VALUES (9905,'Housing Credit',150000,1.54,100);
 INSERT INTO LOANS (LOANID,LOANNAME,LOANBUDGET,INTERESTRATE,MTRPERIOD)
 VALUES (9906,'Commercial Credit',300000,1.54,12);
 INSERT INTO LOANS (LOANID,LOANNAME,LOANBUDGET,INTERESTRATE,MTRPERIOD)
 VALUES (9907,'Marriage credit',60000,1.80,24);
 INSERT INTO LOANS (LOANID,LOANNAME,LOANBUDGET,INTERESTRATE,MTRPERIOD)
 VALUES (9908,'Education Loan',60000,1.80,50);
 INSERT INTO LOANS (LOANID,LOANNAME,LOANBUDGET,INTERESTRATE,MTRPERIOD)
 VALUES (9909,'Holiday Credit',15000,2,12);
 INSERT INTO LOANS (LOANID,LOANNAME,LOANBUDGET,INTERESTRATE,MTRPERIOD)
 VALUES (9910,'Vehicle Credit',100000,1.60,48);
 
 -- ----------------------------------------------------------------------------------------------
 INSERT INTO CUSTOMERS (CUSTOMERID,CSTNAMESURNAME,GENDER,SSN,ADDRES)
 VALUES(10001,'Halil İbrahim Doğan','MAN','44444444444','10. ST');
 INSERT INTO CUSTOMERS (CUSTOMERID,CSTNAMESURNAME,GENDER,SSN,ADDRES)
 VALUES(10002,'Müge Doğan','WOMAN','55555555555','10. ST');
 INSERT INTO CUSTOMERS (CUSTOMERID,CSTNAMESURNAME,GENDER,SSN,ADDRES)
 VALUES(10003,'Okan Taze','MAN','66666666666','15. ST');
 INSERT INTO CUSTOMERS (CUSTOMERID,CSTNAMESURNAME,GENDER,SSN,ADDRES)
 VALUES(10004,'Hakan Gevrek','MAN','77777777777','20. ST');
 INSERT INTO CUSTOMERS (CUSTOMERID,CSTNAMESURNAME,GENDER,SSN,ADDRES)
 VALUES(10005,'Ali Oğuz','MAN','88888888888','22. ST');
 INSERT INTO CUSTOMERS (CUSTOMERID,CSTNAMESURNAME,GENDER,SSN,ADDRES)
 VALUES(10006,'Gizem Doğan','WOMAN','99999999999','10. ST');
 INSERT INTO CUSTOMERS (CUSTOMERID,CSTNAMESURNAME,GENDER,SSN,ADDRES)
 VALUES(10007,'Emre Çağlar','MAN','12345678912','25. ST');
 INSERT INTO CUSTOMERS (CUSTOMERID,CSTNAMESURNAME,GENDER,SSN,ADDRES)
 VALUES(10008,'Alper Bozdoğan','MAN','12345555555','28. ST');
 INSERT INTO CUSTOMERS (CUSTOMERID,CSTNAMESURNAME,GENDER,SSN,ADDRES)
 VALUES(10009,'Elif Aksu','WOMAN','43215555555','34. ST');
 INSERT INTO CUSTOMERS (CUSTOMERID,CSTNAMESURNAME,GENDER,SSN,ADDRES)
 VALUES(10010,'Özgül Oğuz','WOMAN','43215225555','11. ST');
 INSERT INTO CUSTOMERS (CUSTOMERID,CSTNAMESURNAME,GENDER,SSN,ADDRES)
 VALUES(10011,'Emin Doğan','MAN','43215222894','19. ST');
 INSERT INTO CUSTOMERS (CUSTOMERID,CSTNAMESURNAME,GENDER,SSN,ADDRES)
 VALUES(10012,'Tuncay Ekşi','MAN','65214586214','42. ST');
 INSERT INTO CUSTOMERS (CUSTOMERID,CSTNAMESURNAME,GENDER,SSN,ADDRES)
 VALUES(10013,'Levent Akay','MAN','56521444444','41. ST');
 INSERT INTO CUSTOMERS (CUSTOMERID,CSTNAMESURNAME,GENDER,SSN,ADDRES)
 VALUES(10014,'Mehmet Yılmaz','MAN','56521888844','41. ST');
  INSERT INTO CUSTOMERS (CUSTOMERID,CSTNAMESURNAME,GENDER,SSN,ADDRES)
 VALUES(10015,'Kaan Yeşil','MAN','88218888444','23. ST');
 INSERT INTO CUSTOMERS (CUSTOMERID,CSTNAMESURNAME,GENDER,SSN,ADDRES)
 VALUES(10016,'Rıdvan Yavuz','MAN','88218888445','54. ST');
 
 -- ----------------------------------------------------------------------------------------------
 INSERT INTO CREDITCARDS (CREDITCARDID,CREDITCARDTYPE,CARTINTERESTRATE,LIM)
 VALUES (50001,'Happy Card',1.98,5000);
  INSERT INTO CREDITCARDS (CREDITCARDID,CREDITCARDTYPE,CARTINTERESTRATE,LIM)
 VALUES (50002,'Gold Card',2.10,1000);
  INSERT INTO CREDITCARDS (CREDITCARDID,CREDITCARDTYPE,CARTINTERESTRATE,LIM)
 VALUES (50003,'Happy Card',1.98,10000);
  INSERT INTO CREDITCARDS (CREDITCARDID,CREDITCARDTYPE,CARTINTERESTRATE,LIM)
 VALUES (50004,'Platinum Card',2.20,6000);
 INSERT INTO CREDITCARDS (CREDITCARDID,CREDITCARDTYPE,CARTINTERESTRATE,LIM)
 VALUES (50005,'Gold Card',2.10,8000);
 INSERT INTO CREDITCARDS (CREDITCARDID,CREDITCARDTYPE,CARTINTERESTRATE,LIM)
 VALUES (50006,'Platinum Card',2.20,43000);
 INSERT INTO CREDITCARDS (CREDITCARDID,CREDITCARDTYPE,CARTINTERESTRATE,LIM)
 VALUES (50007,'Gold Card',2.10,12000);

  -- ----------------------------------------------------------------------------------------------
  -- ACCMATURITYRATE IS MONTHLY
 INSERT INTO ACCOUNTS (ACCOUNTID,ACCOUNTNAME,ACCINTERESTRATE,ACCMATURITYRATE,BRANCHID,BUDGET)
 VALUES(30001,'Deposit Currency Account',2.5,3,3510,10000);
 INSERT INTO ACCOUNTS (ACCOUNTID,ACCOUNTNAME,BRANCHID,BUDGET)
 VALUES(30002,'Checking Gold Account',3410,5000);
 INSERT INTO ACCOUNTS (ACCOUNTID,ACCOUNTNAME,ACCINTERESTRATE,ACCMATURITYRATE,BRANCHID,BUDGET)
 VALUES(30003,'Deposit Euro Account',3,10,3511,9000);
 INSERT INTO ACCOUNTS (ACCOUNTID,ACCOUNTNAME,ACCINTERESTRATE,ACCMATURITYRATE,BRANCHID,BUDGET)
 VALUES(30004,'Deposit TL Account',2.4,2,3410,8000);
 INSERT INTO ACCOUNTS (ACCOUNTID,ACCOUNTNAME,BRANCHID,BUDGET)
 VALUES(30005,'Checking TL Account',3510,100000);
 INSERT INTO ACCOUNTS (ACCOUNTID,ACCOUNTNAME,BRANCHID,BUDGET)
 VALUES(30006,'Checking Euro Account',3514,50000);
 INSERT INTO ACCOUNTS (ACCOUNTID,ACCOUNTNAME,ACCINTERESTRATE,ACCMATURITYRATE,BRANCHID,BUDGET)
 VALUES(30007,'Deposit Currency Account',2.5,10,3513,40000);
 INSERT INTO ACCOUNTS (ACCOUNTID,ACCOUNTNAME,BRANCHID,BUDGET)
 VALUES(30008,'Checking Gold Account',0610,100000);
  INSERT INTO ACCOUNTS (ACCOUNTID,ACCOUNTNAME,ACCINTERESTRATE,ACCMATURITYRATE,BRANCHID,BUDGET)
 VALUES(30009,'Deposit TL Account',3,18,3512,300000);
 INSERT INTO ACCOUNTS (ACCOUNTID,ACCOUNTNAME,BRANCHID,BUDGET)
 VALUES(300010,'Checking TL Account',3511,50000);
 INSERT INTO ACCOUNTS (ACCOUNTID,ACCOUNTNAME,BRANCHID,BUDGET)
 VALUES(300011,'Checking TL Account',0610,5000);
 INSERT INTO ACCOUNTS (ACCOUNTID,ACCOUNTNAME,BRANCHID,BUDGET)
 VALUES(300012,'Checking TL Account',3410,3000);
 INSERT INTO ACCOUNTS (ACCOUNTID,ACCOUNTNAME,BRANCHID,BUDGET)
 VALUES(300013,'Checking TL Account',3513,9000);
 INSERT INTO ACCOUNTS (ACCOUNTID,ACCOUNTNAME,BRANCHID,BUDGET)
 VALUES(300014,'Checking TL Account',3514,2000);
 
 -- ----------------------------------------------------------------------------------------------
 
 INSERT INTO AUTOPYMNTINSTS (INSTRUCTIONID,INSTRUCTIONNAME,INSTRUCTIONTYPE,INVOICEAMOUNT,PAYMENTDUEDATE)
 VALUES (40001,'İZSU','Water Bill',100,'2021-05-20');
 INSERT INTO AUTOPYMNTINSTS (INSTRUCTIONID,INSTRUCTIONNAME,INSTRUCTIONTYPE,INVOICEAMOUNT,PAYMENTDUEDATE)
 VALUES (40002,'TURKCELL','Mobile Phone Bill',60,'2021-05-27');
 INSERT INTO AUTOPYMNTINSTS (INSTRUCTIONID,INSTRUCTIONNAME,INSTRUCTIONTYPE,INVOICEAMOUNT,PAYMENTDUEDATE)
 VALUES (40003,'ASKİ','Water Bill',120,'2021-06-02');
 INSERT INTO AUTOPYMNTINSTS (INSTRUCTIONID,INSTRUCTIONNAME,INSTRUCTIONTYPE,INVOICEAMOUNT,PAYMENTDUEDATE)
 VALUES (40004,'GEDİZ','Electricity Bill',150,'2021-05-27');
 INSERT INTO AUTOPYMNTINSTS (INSTRUCTIONID,INSTRUCTIONNAME,INSTRUCTIONTYPE,INVOICEAMOUNT,PAYMENTDUEDATE)
 VALUES (40005,'EDAŞ','Electricity Bill',170,'2021-06-07');
 INSERT INTO AUTOPYMNTINSTS (INSTRUCTIONID,INSTRUCTIONNAME,INSTRUCTIONTYPE,INVOICEAMOUNT,PAYMENTDUEDATE)
 VALUES (40006,'İSKİ','Water Bill',200,'2021-06-05');
 INSERT INTO AUTOPYMNTINSTS (INSTRUCTIONID,INSTRUCTIONNAME,INSTRUCTIONTYPE,INVOICEAMOUNT,PAYMENTDUEDATE)
 VALUES (40007,'VODAFONE','Mobile Phone Bill',90,'2021-06-08');
 INSERT INTO AUTOPYMNTINSTS (INSTRUCTIONID,INSTRUCTIONNAME,INSTRUCTIONTYPE,INVOICEAMOUNT,PAYMENTDUEDATE)
 VALUES (40008,'İZGAZ','Natural Gas Bill',200,'2021-05-24');
 INSERT INTO AUTOPYMNTINSTS (INSTRUCTIONID,INSTRUCTIONNAME,INSTRUCTIONTYPE,INVOICEAMOUNT,PAYMENTDUEDATE)
 VALUES (40009,'İZSU','Water Bill',70,'2021-05-20');
 INSERT INTO AUTOPYMNTINSTS (INSTRUCTIONID,INSTRUCTIONNAME,INSTRUCTIONTYPE,INVOICEAMOUNT,PAYMENTDUEDATE)
 VALUES (400010,'SUPER ONLINE','Internet Bill',80,'2021-05-28');
 INSERT INTO AUTOPYMNTINSTS (INSTRUCTIONID,INSTRUCTIONNAME,INSTRUCTIONTYPE,INVOICEAMOUNT,PAYMENTDUEDATE)
 VALUES (400011,'VODAFONE','Mobile Phone Bill',50,'2021-05-25');
 INSERT INTO AUTOPYMNTINSTS (INSTRUCTIONID,INSTRUCTIONNAME,INSTRUCTIONTYPE,INVOICEAMOUNT,PAYMENTDUEDATE)
 VALUES (400012,'GEDİZ','Electricity Bill',74,'2021-05-26');
 
 
 -- ----------------------------------------------------------------------------------------------
INSERT INTO POSMACHINES (MACHINEID,BRAND,COMMISIONRATE,BRANCHID)
 VALUES (20001,'VERA',1.40,3512);
 INSERT INTO POSMACHINES (MACHINEID,BRAND,COMMISIONRATE,BRANCHID)
 VALUES (20002,'INGENICO',1.20,3511);
 INSERT INTO POSMACHINES (MACHINEID,BRAND,COMMISIONRATE,BRANCHID)
 VALUES (20003,'PROFILO',1.60,3512);
 INSERT INTO POSMACHINES (MACHINEID,BRAND,COMMISIONRATE,BRANCHID)
 VALUES (20004,'VERA',1.80,3513);
 INSERT INTO POSMACHINES (MACHINEID,BRAND,COMMISIONRATE,BRANCHID)
 VALUES (20005,'INGENICO',1.40,3511);
 
-- ----------------------------------------------------------------------------------------------
 INSERT INTO CUS_LOAN (CUSTOMERID,LOANID) VALUES (10014,9905);
 INSERT INTO CUS_LOAN (CUSTOMERID,LOANID) VALUES (10012,9909);
 INSERT INTO CUS_LOAN (CUSTOMERID,LOANID) VALUES (10012,9910);
 INSERT INTO CUS_LOAN (CUSTOMERID,LOANID) VALUES (10003,9906);
 INSERT INTO CUS_LOAN (CUSTOMERID,LOANID) VALUES (10007,9908);
 INSERT INTO CUS_LOAN (CUSTOMERID,LOANID) VALUES (10005,9904);
 INSERT INTO CUS_LOAN (CUSTOMERID,LOANID) VALUES (10008,9901);
 INSERT INTO CUS_LOAN (CUSTOMERID,LOANID) VALUES (10011,9903);
 INSERT INTO CUS_LOAN (CUSTOMERID,LOANID) VALUES (10013,9902);
 INSERT INTO CUS_LOAN (CUSTOMERID,LOANID) VALUES (10004,9907);
 
 
 -- ----------------------------------------------------------------------------------------------
 INSERT INTO CUS_CR (CUSTOMERID,CREDITCARDID) VALUES (10002,50004);
 INSERT INTO CUS_CR (CUSTOMERID,CREDITCARDID) VALUES (10001,50002);
 INSERT INTO CUS_CR (CUSTOMERID,CREDITCARDID) VALUES (10016,50007);
 INSERT INTO CUS_CR (CUSTOMERID,CREDITCARDID) VALUES (10001,50006);
 INSERT INTO CUS_CR (CUSTOMERID,CREDITCARDID) VALUES (10015,50001);
 INSERT INTO CUS_CR (CUSTOMERID,CREDITCARDID) VALUES (10011,50003);
 INSERT INTO CUS_CR (CUSTOMERID,CREDITCARDID) VALUES (10006,50005);
 
 -- ----------------------------------------------------------------------------------------------
 INSERT INTO CUS_ACC (CUSTOMERID,ACCOUNTID) VALUES (10001,30001);
 INSERT INTO CUS_ACC (CUSTOMERID,ACCOUNTID) VALUES (10005,300014);
 INSERT INTO CUS_ACC (CUSTOMERID,ACCOUNTID) VALUES (10004,30003);
 INSERT INTO CUS_ACC (CUSTOMERID,ACCOUNTID) VALUES (10001,300012);
 INSERT INTO CUS_ACC (CUSTOMERID,ACCOUNTID) VALUES (10008,30008);
 INSERT INTO CUS_ACC (CUSTOMERID,ACCOUNTID) VALUES (10002,300010);
 INSERT INTO CUS_ACC (CUSTOMERID,ACCOUNTID) VALUES (10007,30009);
 INSERT INTO CUS_ACC (CUSTOMERID,ACCOUNTID) VALUES (10005,30006);
 INSERT INTO CUS_ACC (CUSTOMERID,ACCOUNTID) VALUES (10012,300011);
 INSERT INTO CUS_ACC (CUSTOMERID,ACCOUNTID) VALUES (10016,30004);
 INSERT INTO CUS_ACC (CUSTOMERID,ACCOUNTID) VALUES (10011,300013);
 INSERT INTO CUS_ACC (CUSTOMERID,ACCOUNTID) VALUES (10015,30002);
 INSERT INTO CUS_ACC (CUSTOMERID,ACCOUNTID) VALUES (10006,30005);
 INSERT INTO CUS_ACC (CUSTOMERID,ACCOUNTID) VALUES (10002,30007);

 -- ----------------------------------------------------------------------------------------------
 INSERT INTO CUS_POS (CUSTOMERID,MACHINEID) VALUES (10007,20001);
 INSERT INTO CUS_POS (CUSTOMERID,MACHINEID) VALUES (10004,20005);
 INSERT INTO CUS_POS (CUSTOMERID,MACHINEID) VALUES (10002,20002);
 INSERT INTO CUS_POS (CUSTOMERID,MACHINEID) VALUES (10011,20004);
 INSERT INTO CUS_POS (CUSTOMERID,MACHINEID) VALUES (10007,20003);

 -- ----------------------------------------------------------------------------------------------
 
 INSERT INTO CUS_API (CUSTOMERID,INSTRUCTIONID) VALUES (10012,40003);
 INSERT INTO CUS_API (CUSTOMERID,INSTRUCTIONID) VALUES (10001,40006);
 INSERT INTO CUS_API (CUSTOMERID,INSTRUCTIONID) VALUES (10012,40005);
 INSERT INTO CUS_API (CUSTOMERID,INSTRUCTIONID) VALUES (10005,40007);
 INSERT INTO CUS_API (CUSTOMERID,INSTRUCTIONID) VALUES (10011,400011);
 INSERT INTO CUS_API (CUSTOMERID,INSTRUCTIONID) VALUES (10006,40008);
 INSERT INTO CUS_API (CUSTOMERID,INSTRUCTIONID) VALUES (10002,40001);
 INSERT INTO CUS_API (CUSTOMERID,INSTRUCTIONID) VALUES (10011,40009);
 INSERT INTO CUS_API (CUSTOMERID,INSTRUCTIONID) VALUES (10002,400012);
 INSERT INTO CUS_API (CUSTOMERID,INSTRUCTIONID) VALUES (10006,400010);
 INSERT INTO CUS_API (CUSTOMERID,INSTRUCTIONID) VALUES (10011,40004);
 INSERT INTO CUS_API (CUSTOMERID,INSTRUCTIONID) VALUES (10006,40002);
 
 -- ----------------------------------------------------------------------------------------------
 INSERT INTO ACC_API (ACCOUNTID,INSTRUCTIONID) VALUES (300010,40001);
 INSERT INTO ACC_API (ACCOUNTID,INSTRUCTIONID) VALUES (300010,400012);
 INSERT INTO ACC_API (ACCOUNTID,INSTRUCTIONID) VALUES (30005,40002);
 INSERT INTO ACC_API (ACCOUNTID,INSTRUCTIONID) VALUES (30005,40008);
 INSERT INTO ACC_API (ACCOUNTID,INSTRUCTIONID) VALUES (30005,400010);
 INSERT INTO ACC_API (ACCOUNTID,INSTRUCTIONID) VALUES (300011,40003);
 INSERT INTO ACC_API (ACCOUNTID,INSTRUCTIONID) VALUES (300011,40005);
 INSERT INTO ACC_API (ACCOUNTID,INSTRUCTIONID) VALUES (300013,40004);
 INSERT INTO ACC_API (ACCOUNTID,INSTRUCTIONID) VALUES (300013,40009);
 INSERT INTO ACC_API (ACCOUNTID,INSTRUCTIONID) VALUES (300013,400011);
 INSERT INTO ACC_API (ACCOUNTID,INSTRUCTIONID) VALUES (30001,40006);
 INSERT INTO ACC_API (ACCOUNTID,INSTRUCTIONID) VALUES (300014,40007);
 
 -- ----------------------------------------------------------------------------------------------

-- ----------------------------------------------------------------------------------------------
-- This query gives the names of the customers who have used loans and the names of the credits they used.
SELECT C.CSTNAMESURNAME AS NAME_SURNAME,L.LOANNAME AS LOAN_NAME
FROM CUS_LOAN AS CL,CUSTOMERS AS C,LOANS AS L
WHERE CL.CUSTOMERID = C.CUSTOMERID
AND CL.LOANID = L.LOANID; 
-- ----------------------------------------------------------------------------------------------
-- This query gives the name, surname, credit card name and limit of the customer with the highest credit card limit.
SELECT C.CSTNAMESURNAME AS NAME_SURNAME,CD.CREDITCARDTYPE AS CREDITCARD_NAME,CD.LIM
FROM CUSTOMERS C,CREDITCARDS CD, CUS_CR CR
WHERE (CR.CUSTOMERID = C.CUSTOMERID AND CD.CREDITCARDID = CR.CREDITCARDID) 
AND LIM = (SELECT MAX(LIM) FROM CREDITCARDS);
-- ----------------------------------------------------------------------------------------------
-- This query gives the initial budget according to the monthly interest account formula
-- and the current budget after the calculation,
-- taking into account the interest rates of the accounts with term accounts.
SELECT ACCOUNTNAME,BUDGET,BUDGET+(BUDGET*ACCINTERESTRATE*ACCMATURITYRATE/(100*12)) "Principal Amount at Maturity"
FROM ACCOUNTS; 
-- Interest calculation formula = (principal amount * interest rate * maturity period (monthly)) / (100*12)
-- ----------------------------------------------------------------------------------------------
-- The commission rate of the pos machine with the id number 20004 is updated by reducing it from 1.80 to 1.60.
SELECT * FROM POSMACHINES;
UPDATE POSMACHINES SET COMMISIONRATE = 1.60
WHERE MACHINEID = 20004;
SELECT * FROM POSMACHINES;
-- ----------------------------------------------------------------------------------------------
-- This query deletes employee 112 from the employees table.
SELECT * FROM EMPLOYEES;
DELETE FROM  employees WHERE EMPLOYEEID = 112;
SELECT * FROM EMPLOYEES;

-- ----------------------------------------------------------------------------------------------

-- Finding all records in A1 table
select * from titles;
select * from branches;
select * from employees;
select * from departments;
select * from loans;
select * from CUSTOMERS;
select * from CREDITCARDS;
select * from ACCOUNTS;
select * from AUTOPYMNTINSTS;
select * from posmachines;
select * from cus_loan;
select * from CUS_CR;
select * from CUS_ACC;
select * from CUS_POS;
select * from CUS_API;
select * from ACC_API;






